register_id,name,institution_id,institution_name,created,modified,addresses_roadtype_id,addresses_roadtype_name,addresses_road_id,addresses_road_name,addresses_start_street_number,addresses_end_street_number,addresses_neighborhood_id,addresses_neighborhood_name,addresses_district_id,addresses_district_name,addresses_zip_code,addresses_town,addresses_main_address,addresses_type,values_id,values_attribute_id,values_category,values_attribute_name,values_value,values_outstanding,values_description,secondary_filters_id,secondary_filters_name,secondary_filters_fullpath,secondary_filters_tree,secondary_filters_asia_id,geo_epgs_25831_x,geo_epgs_25831_y,geo_epgs_4326_lat,geo_epgs_4326_lon,estimated_dates,start_date,end_date
﻿2008164453,Espai Familiar de Criança Municipal Socioeducatiu La Casa dels Colors,,,2002-01-08T00:00:00+01:00,2023-05-30T14:59:28.508012+02:00,,,369408.0,Passeig de la Zona Franca,54.0,,12.0,la Marina del Prat Vermell,3.0,Sants-Montjuïc,8038.0,Barcelona,True,,133810.0,20001.0,Telèfons,Tel.,932 235 344,True,,,,,,,428407.1446432883,4578361.40177966,41.35357189372766,2.1441472226723945,,,
﻿92086001941,Facultat de Filosofia - UB,,,1988-04-11T00:00:00+02:00,2024-05-24T11:48:18.282971+02:00,,,216906.0,C Montalegre,6.0,,1.0,el Raval,1.0,Ciutat Vella,8001.0,BARCELONA,True,,160789.0,20001.0,Telèfons,Tel.,934037722,True,,56732071.0,Universitats,Planol BCN >> Educació >> Ensenyament reglat >> Universitats,651.0,65103003001003.0,430379.0357577841,4581724.135357528,41.38403193047776,2.167331566974877,,,
﻿92086019394,Col·legi d'Educació Especial Pont del Dragó,,,1989-04-18T00:00:00+02:00,2022-09-17T04:29:38.614368+02:00,,,292507.0,C Gran de la Sagrera,179.0,,61.0,la Sagrera,9.0,Sant Andreu,8027.0,BARCELONA,True,,166261.0,20001.0,Telèfons,Tel.,932430983,True,,,,,,,432381.3713337506,4586493.461253321,41.4271586207016,2.190744387584967,,,
﻿92086013615,Centre de Recerca en Estudi de les Dones (UB),,,1985-06-17T00:00:00+02:00,2022-02-08T12:46:53.360112+01:00,,,2050.0,C Adolf Florensa,8.0,,20.0,la Maternitat i Sant Ramon,4.0,Les Corts,8028.0,BARCELONA,True,,164887.0,20001.0,Telèfons,Tel.,934481399,True,,56732071.0,Universitats,Planol BCN >> Educació >> Ensenyament reglat >> Universitats,651.0,65103003001003.0,426046.3459114905,4581570.819933735,41.382264473514816,2.115536952946174,,,
﻿92086010037,"Escola Tècnica Superior d'Enginyeria de Camins, Canals i Ports de Barcelona - UPC",,,1987-10-13T00:00:00+01:00,2024-05-27T10:35:19.903846+02:00,,,169023.0,C Jordi Girona,1.0,,21.0,Pedralbes,4.0,Les Corts,8034.0,BARCELONA,True,,161853.0,20006.0,Telèfons,Informació,934016900,True,,56732071.0,Universitats,Planol BCN >> Educació >> Ensenyament reglat >> Universitats,651.0,65103003001003.0,426043.07775572536,4582423.99160766,41.38994831282826,2.115393722114865,,,
﻿75990055574,Centre Perfeccionament Enric Mestres,,,1996-09-18T00:00:00+02:00,2023-10-03T10:18:32.864689+02:00,,,127704.0,C Floridablanca,59.0,,10.0,Sant Antoni,2.0,Eixample,8015.0,BARCELONA,True,,138064.0,20001.0,Telèfons,Tel.,934232749,True,,,,,,,429591.8395428938,4581091.673367347,41.37826704788546,2.157991134763364,,,
﻿75990040205,Centre Educatiu FEP Sant Ramon Nonat,,,1996-09-18T00:00:00+02:00,2023-10-03T10:45:29.490621+02:00,,,84102.0,C Collblanc,72.0,,20.0,la Maternitat i Sant Ramon,4.0,Les Corts,8028.0,BARCELONA,True,,137710.0,20001.0,Telèfons,Tel.,933339972,True,,56731069.0,Ensenyament infantil (3-6 anys),Planol BCN >> Educació >> Ensenyament infantil >> Ensenyament infantil (3-6 anys),651.0,65103003000001.0,426104.40450148215,4580867.791808311,41.375937935729695,2.116316955865797,,,
﻿75990040205,Centre Educatiu FEP Sant Ramon Nonat,,,1996-09-18T00:00:00+02:00,2023-10-03T10:45:29.490621+02:00,,,84102.0,C Collblanc,72.0,,20.0,la Maternitat i Sant Ramon,4.0,Les Corts,8028.0,BARCELONA,True,,137710.0,20001.0,Telèfons,Tel.,933339972,True,,56732068.0,Educació primària,Planol BCN >> Educació >> Ensenyament reglat >> Educació primària,651.0,65103003001000.0,426104.40450148215,4580867.791808311,41.375937935729695,2.116316955865797,,,
﻿75990040205,Centre Educatiu FEP Sant Ramon Nonat,,,1996-09-18T00:00:00+02:00,2023-10-03T10:45:29.490621+02:00,,,84102.0,C Collblanc,72.0,,20.0,la Maternitat i Sant Ramon,4.0,Les Corts,8028.0,BARCELONA,True,,137710.0,20001.0,Telèfons,Tel.,933339972,True,,56732069.0,Educació secundària,Planol BCN >> Educació >> Ensenyament reglat >> Educació secundària,651.0,65103003001001.0,426104.40450148215,4580867.791808311,41.375937935729695,2.116316955865797,,,
﻿75990040449,Autoescola Carmel,,,1996-09-18T00:00:00+02:00,2023-10-03T10:45:28.588163+02:00,,,85900.0,C Conca de Tremp,5.0,,37.0,el Carmel,7.0,Horta-Guinardó,8032.0,BARCELONA,True,,137721.0,20001.0,Telèfons,Tel.,934293702,True,,,,,,,429388.3964508724,4586192.339576454,41.4241890260409,2.154963474203018,,,
﻿92086002874,Llar d'Infants Tagore,,,1984-05-30T00:00:00+02:00,2022-06-02T10:08:50.857053+02:00,,,223606.0,C Muntaner,476.0,,26.0,Sant Gervasi - Galvany,5.0,Sarrià-Sant Gervasi,8006.0,BARCELONA,True,,160280.0,20001.0,Telèfons,Tel.,932 091 131,True,,56731068.0,Ensenyament infantil (0-3 anys),Planol BCN >> Educació >> Ensenyament infantil >> Ensenyament infantil (0-3 anys),651.0,65103003000000.0,427984.87058638106,4583809.287513484,41.40260131459858,2.138452398704789,,,
﻿92086033381,Centre de Formació de Persones Adultes Montserrat Roig,,,1990-07-27T00:00:00+02:00,2022-09-17T04:44:06.329562+02:00,,,346800.0,Rbla Poblenou,130.0,,68.0,el Poblenou,10.0,Sant Martí,8018.0,BARCELONA,True,,167950.0,20001.0,Telèfons,Tel.,932 564 935,True,(Rbla Prim),56733068.0,Adults,Planol BCN >> Educació >> Ensenyament no reglat >> Adults,651.0,65103003002000.0,432908.5687224408,4583952.345130873,41.40431575391908,2.197335085345547,,,
﻿92086033600,Facultat de Ciències Econòmiques i Empresarials - UPF,,,1990-10-18T00:00:00+01:00,2021-06-17T13:13:54.163859+02:00,,,132908.0,C Ramon Trias Fargas,25.0,,67.0,la Vila Olímpica del Poblenou,10.0,Sant Martí,8005.0,BARCELONA,True,,167964.0,20003.0,Telèfons,Centraleta,935421700,True,,56732071.0,Universitats,Planol BCN >> Educació >> Ensenyament reglat >> Universitats,651.0,65103003001003.0,432362.0263673597,4582284.352293278,41.38924681822701,2.190983335170805,,,
﻿92086015466,Aula de Música,92086015460.0,Centre Moral i Cultural del Poblenou,1989-02-27T00:00:00+01:00,2022-09-17T04:25:23.715323+02:00,,,270901.0,C Pujades,176.0,,68.0,el Poblenou,10.0,Sant Martí,8005.0,BARCELONA,True,,164323.0,20001.0,Telèfons,Tel.,934853699,True,,56732070.0,Música,Planol BCN >> Educació >> Ensenyament reglat >> Música,651.0,65103003001002.0,433140.2485422849,4583596.858643833,41.401133285382,2.200145848591939,,,
﻿2093123421,Escola Bressol Municipal La Mar Xica,,,2002-04-03T00:00:00+02:00,2021-07-12T17:49:52.288032+02:00,,,75702.0,C Carmen Amaya,2.0,,68.0,el Poblenou,10.0,Sant Martí,8005.0,BARCELONA,True,,135311.0,20001.0,Telèfons,Tel.,932211969,True,,56731068.0,Ensenyament infantil (0-3 anys),Planol BCN >> Educació >> Ensenyament infantil >> Ensenyament infantil (0-3 anys),651.0,65103003000000.0,433428.307877499,4582919.338309602,41.39505493685655,2.203666123017716,,,
﻿2093123421,Escola Bressol Municipal La Mar Xica,,,2002-04-03T00:00:00+02:00,2021-07-12T17:49:52.288032+02:00,,,75702.0,C Carmen Amaya,2.0,,68.0,el Poblenou,10.0,Sant Martí,8005.0,BARCELONA,True,,135311.0,20001.0,Telèfons,Tel.,932211969,True,,56731070.0,Escoles Bressol municipals,Planol BCN >> Educació >> Ensenyament infantil >> Escoles Bressol municipals,651.0,65103003000002.0,433428.307877499,4582919.338309602,41.39505493685655,2.203666123017716,,,
﻿99400736696,Institut Universitari de Recerca en Ciència i Tecnologies de la Sostenibilitat,,,2024-05-23T09:58:15.906848+02:00,2024-05-23T09:58:27.475642+02:00,,,169023.0,Carrer de Jordi Girona,1.0,3.0,21.0,Pedralbes,4.0,Les Corts,8034.0,Barcelona,True,,607668.0,20001.0,Telèfons,Tel.,934 05 43 91,False,,56732071.0,Universitats,Planol BCN >> Educació >> Ensenyament reglat >> Universitats,651.0,65103003001003.0,425791.176,4582132.529,41.38730004020784,2.112416751282657,,,
﻿13125154,Centre de Joves i Adults,75990359550.0,Fundació Pia Autònoma Agrupació Cultural i Social.,2000-01-13T00:00:00+01:00,2021-04-08T10:40:05.284411+02:00,,,214809.0,Molist,17.0,,30.0,la Salut,6.0,Gràcia,8024.0,BARCELONA,True,,127797.0,20001.0,Telèfons,Tel.,932847931,True,,56733069.0,Idiomes,Planol BCN >> Educació >> Ensenyament no reglat >> Idiomes,651.0,65103003002001.0,429482.60379945696,4584935.941842934,41.41288142480287,2.1562372520588986,,,
﻿13125154,Centre de Joves i Adults,75990359550.0,Fundació Pia Autònoma Agrupació Cultural i Social.,2000-01-13T00:00:00+01:00,2021-04-08T10:40:05.284411+02:00,,,214809.0,Molist,17.0,,30.0,la Salut,6.0,Gràcia,8024.0,BARCELONA,True,,127797.0,20001.0,Telèfons,Tel.,932847931,True,,56733070.0,Informàtica,Planol BCN >> Educació >> Ensenyament no reglat >> Informàtica,651.0,65103003002002.0,429482.60379945696,4584935.941842934,41.41288142480287,2.1562372520588986,,,
﻿92086002958,Llar d'Infants Balmespi,,,1984-05-30T00:00:00+02:00,2022-09-17T03:52:30.250964+02:00,,,32700.0,C Balmes,252.0,,26.0,Sant Gervasi - Galvany,5.0,Sarrià-Sant Gervasi,8006.0,BARCELONA,True,,160291.0,20001.0,Telèfons,Tel.,932189472,True,,56731068.0,Ensenyament infantil (0-3 anys),Planol BCN >> Educació >> Ensenyament infantil >> Ensenyament infantil (0-3 anys),651.0,65103003000000.0,428932.761444182,4583492.918799637,41.39983625028134,2.149828353352368,,,
﻿92086002008,Facultat de Química - UB,,,1988-04-12T00:00:00+02:00,2024-05-31T12:43:19.248372+02:00,,,7258.0,Carrer de Martí i Franquès,1.0,1.0,20.0,la Maternitat i Sant Ramon,4.0,Les Corts,8028.0,Barcelona,True,,160821.0,20001.0,Telèfons,Tel.,934 021 200,True,,56732071.0,Universitats,Planol BCN >> Educació >> Ensenyament reglat >> Universitats,651.0,65103003001003.0,426247.273,4581879.573,41.38506372270051,2.1179021240670406,,,
﻿2093121443,Escola Bressol Municipal L'Oreneta,,,2002-04-03T00:00:00+02:00,2022-09-17T02:36:06.212531+02:00,,,315500.0,Pg Santa Eulàlia,18.0,,23.0,Sarrià,5.0,Sarrià-Sant Gervasi,8017.0,BARCELONA,True,,135306.0,20001.0,Telèfons,Tel.,932804683,True,,56731068.0,Ensenyament infantil (0-3 anys),Planol BCN >> Educació >> Ensenyament infantil >> Ensenyament infantil (0-3 anys),651.0,65103003000000.0,426055.47126154247,4584124.847019703,41.40526827357127,2.1153342310426178,,,
﻿2093121443,Escola Bressol Municipal L'Oreneta,,,2002-04-03T00:00:00+02:00,2022-09-17T02:36:06.212531+02:00,,,315500.0,Pg Santa Eulàlia,18.0,,23.0,Sarrià,5.0,Sarrià-Sant Gervasi,8017.0,BARCELONA,True,,135306.0,20001.0,Telèfons,Tel.,932804683,True,,56731070.0,Escoles Bressol municipals,Planol BCN >> Educació >> Ensenyament infantil >> Escoles Bressol municipals,651.0,65103003000002.0,426055.47126154247,4584124.847019703,41.40526827357127,2.1153342310426178,,,
﻿2093122837,Escola Bressol Municipal L'Arquet,,,2002-04-03T00:00:00+02:00,2022-09-17T02:36:06.547418+02:00,,,169103.0,C Jorge Manrique,12.0,,41.0,la Vall d'Hebron,7.0,Horta-Guinardó,8035.0,BARCELONA,True,,135307.0,20001.0,Telèfons,Tel.,934272798,True,,56731068.0,Ensenyament infantil (0-3 anys),Planol BCN >> Educació >> Ensenyament infantil >> Ensenyament infantil (0-3 anys),651.0,65103003000000.0,429114.02894232026,4587010.162549836,41.43153065046161,2.1515844656316303,,,
﻿2093122837,Escola Bressol Municipal L'Arquet,,,2002-04-03T00:00:00+02:00,2022-09-17T02:36:06.547418+02:00,,,169103.0,C Jorge Manrique,12.0,,41.0,la Vall d'Hebron,7.0,Horta-Guinardó,8035.0,BARCELONA,True,,135307.0,20001.0,Telèfons,Tel.,934272798,True,,56731070.0,Escoles Bressol municipals,Planol BCN >> Educació >> Ensenyament infantil >> Escoles Bressol municipals,651.0,65103003000002.0,429114.02894232026,4587010.162549836,41.43153065046161,2.1515844656316303,,,
﻿92086002054,Facultat de Dret - UB,,,1988-04-11T00:00:00+02:00,2024-05-24T12:24:16.245438+02:00,,,144601.0,Av Diagonal,684.0,,21.0,Pedralbes,4.0,Les Corts,8034.0,BARCELONA,True,,160812.0,20001.0,Telèfons,Tel.,934 020 127,True,,56732071.0,Universitats,Planol BCN >> Educació >> Ensenyament reglat >> Universitats,651.0,65103003001003.0,426516.8722175164,4582118.434692386,41.38723971871468,2.1210972500110508,,,
﻿2093122931,Escola Bressol Municipal El Caminet del Besòs,,,2002-04-03T00:00:00+02:00,2022-09-17T02:36:07.885597+02:00,,,273003.0,C Quito,2.0,,58.0,Baró de Viver,9.0,Sant Andreu,8030.0,BARCELONA,True,,135309.0,20001.0,Telèfons,Tel.,933116686,True,,56731068.0,Ensenyament infantil (0-3 anys),Planol BCN >> Educació >> Ensenyament infantil >> Ensenyament infantil (0-3 anys),651.0,65103003000000.0,433150.6484564905,4588556.538308024,41.44580447028147,2.1997219585562475,,,
﻿2093122931,Escola Bressol Municipal El Caminet del Besòs,,,2002-04-03T00:00:00+02:00,2022-09-17T02:36:07.885597+02:00,,,273003.0,C Quito,2.0,,58.0,Baró de Viver,9.0,Sant Andreu,8030.0,BARCELONA,True,,135309.0,20001.0,Telèfons,Tel.,933116686,True,,56731070.0,Escoles Bressol municipals,Planol BCN >> Educació >> Ensenyament infantil >> Escoles Bressol municipals,651.0,65103003000002.0,433150.6484564905,4588556.538308024,41.44580447028147,2.1997219585562475,,,
﻿92086026133,Escola Forca,,,1988-03-17T00:00:00+01:00,2022-09-17T04:36:29.003962+02:00,,,365906.0,Mare Déu Pilar (C Vella),16.0,,4.0,"Sant Pere, Santa Caterina i la Ribera",1.0,Ciutat Vella,8003.0,BARCELONA,True,,166280.0,20001.0,Telèfons,Tel.,932689111,True,,,,,,,431140.9882749576,4582092.8549154,41.38741845559777,2.176401721904877,,,
﻿99400736745,Escola Barcelona High School,,,2024-05-24T09:24:33.698814+02:00,2024-07-03T09:05:28.177075+02:00,,,295800.0,Carrer de Sant Agustí,3.0,3.0,31.0,la Vila de Gràcia,6.0,Gràcia,8012.0,Barcelona,True,,607775.0,20001.0,Telèfons,Tel.,618 270 232,False,,,,,,,429834.146,4583336.728,41.39850865989605,2.160628527882252,,,
﻿99400736708,Parc de Recerca UPF,,,2024-05-23T11:47:54.511239+02:00,2024-05-23T11:49:53.521025+02:00,,,132908.0,Carrer de Ramon Trias Fargas,25.0,27.0,67.0,la Vila Olímpica del Poblenou,10.0,Sant Martí,8005.0,Barcelona,True,,,,,,,,,56732071.0,Universitats,Planol BCN >> Educació >> Ensenyament reglat >> Universitats,651.0,65103003001003.0,432352.381,4582367.684,41.38999655307027,2.190858671693975,,,
﻿75990067136,Centre Educatiu Zurich,,,1996-09-18T00:00:00+02:00,2023-10-03T10:43:40.150431+02:00,,,248108.0,Av Pearson,73.0,,21.0,Pedralbes,4.0,Les Corts,8034.0,BARCELONA,True,,139682.0,20001.0,Telèfons,Tel.,932037606,True,,56731069.0,Ensenyament infantil (3-6 anys),Planol BCN >> Educació >> Ensenyament infantil >> Ensenyament infantil (3-6 anys),651.0,65103003000001.0,425131.17152742273,4582834.533401624,41.39356150207276,2.104436841139324,,,
﻿75990067136,Centre Educatiu Zurich,,,1996-09-18T00:00:00+02:00,2023-10-03T10:43:40.150431+02:00,,,248108.0,Av Pearson,73.0,,21.0,Pedralbes,4.0,Les Corts,8034.0,BARCELONA,True,,139682.0,20001.0,Telèfons,Tel.,932037606,True,,56732068.0,Educació primària,Planol BCN >> Educació >> Ensenyament reglat >> Educació primària,651.0,65103003001000.0,425131.17152742273,4582834.533401624,41.39356150207276,2.104436841139324,,,
﻿75990067136,Centre Educatiu Zurich,,,1996-09-18T00:00:00+02:00,2023-10-03T10:43:40.150431+02:00,,,248108.0,Av Pearson,73.0,,21.0,Pedralbes,4.0,Les Corts,8034.0,BARCELONA,True,,139682.0,20001.0,Telèfons,Tel.,932037606,True,,56732069.0,Educació secundària,Planol BCN >> Educació >> Ensenyament reglat >> Educació secundària,651.0,65103003001001.0,425131.17152742273,4582834.533401624,41.39356150207276,2.104436841139324,,,
﻿99400698587,Espai Familiar de Criança Municipal El Galliner,99400144332.0,Ludoteca El Galliner,2022-09-29T10:32:58.878182+02:00,2023-05-30T14:59:39.964780+02:00,,,319206.0,Carrer de Santes Creus,8.0,8.0,43.0,Horta,7.0,Horta-Guinardó,8031.0,Barcelona,True,,469840.0,20001.0,Telèfons,Tel.,934 202 337,True,,,,,,,430002.352,4586864.744,41.43029883469144,2.162232311962768,,,
﻿99400684846,Escola de Busseig 4all Divers,,,2022-01-28T12:34:30.587015+01:00,2022-01-28T12:38:37.418597+01:00,,,118703.0,Carrer d'Evarist Arnús,51.0,51.0,19.0,les Corts,4.0,Les Corts,8014.0,Barcelona,True,,440461.0,20001.0,Telèfons,Tel.,933 21 58 61,True,,,,,,,427658.02780682,4581669.64183713,41.38330105401323,2.134798244590697,,,
﻿99400734017,Autoescola Motoescuela,,,2024-03-27T11:20:00.766858+01:00,2024-03-27T11:21:21.911239+01:00,,,193108.0,Passeig de Manuel Girona,16.0,16.0,21.0,Pedralbes,4.0,Les Corts,8034.0,Barcelona,True,,600145.0,20001.0,Telèfons,Tel.,93 204 51 54,False,,,,,,,426552.434,4582433.734,41.39008273119944,2.121484313128179,,,
﻿75990033216,Parvulari Dídac,,,1996-09-17T00:00:00+02:00,2023-10-03T10:45:06.947917+02:00,,,65200.0,C Cardenal Reig,14.0,,20.0,la Maternitat i Sant Ramon,4.0,Les Corts,8028.0,BARCELONA,True,,136518.0,20001.0,Telèfons,Tel.,933344020,True,,56731068.0,Ensenyament infantil (0-3 anys),Planol BCN >> Educació >> Ensenyament infantil >> Ensenyament infantil (0-3 anys),651.0,65103003000000.0,425966.0038218518,4580983.312650387,41.37696566163009,2.1146479661316806,,,
﻿99400694578,Escola Tècnica Superior d'Enginyeria La Salle - URL,,,2022-06-30T13:57:11.120622+02:00,2024-05-27T10:35:43.735566+02:00,,,95007.0,Carrer dels Quatre Camins,30.0,30.0,25.0,Sant Gervasi - la Bonanova,5.0,Sarrià-Sant Gervasi,8022.0,Barcelona,True,,459039.0,20001.0,Telèfons,Tel.,93 290 24 11,True,,56732071.0,Universitats,Planol BCN >> Educació >> Ensenyament reglat >> Universitats,651.0,65103003001003.0,427287.363,4584570.504,41.40939447721964,2.1300172852702595,,,
﻿99400707541,Espai Familiar de Criança Municipal Pere Calafell (en construcció),,,2023-03-03T11:35:44.203278+01:00,2024-01-08T09:05:51.081260+01:00,,,15201.0,Carrer d'Andrade,184.0,196.0,72.0,Sant Martí de Provençals,10.0,Sant Martí,8020.0,Barcelona,True,,503186.0,20001.0,Telèfons,Tel.,93 402 36 63,False,Punt d’Atenció de l’IMEB,,,,,,433426.524,4585412.663,41.41751148977424,2.2033705236965924,,,
﻿75990051919,Autoescola Escorial,,,1996-09-18T00:00:00+02:00,2023-10-03T10:44:40.801413+02:00,,,112004.0,C Escorial,23.0,,31.0,la Vila de Gràcia,6.0,Gràcia,8024.0,BARCELONA,True,,137681.0,20001.0,Telèfons,Tel.,932133584,True,,,,,,,429922.3706673295,4584268.895438342,41.40691205089728,2.161575908157312,,,
﻿92168165504,Centre Educatiu La Salle Congrés,,,1988-03-01T00:00:00+01:00,2024-02-27T11:53:48.539117+01:00,,,65403.0,C Cardenal Tedeschini,50.0,,62.0,el Congrés i els Indians,9.0,Sant Andreu,8027.0,BARCELONA,True,,171026.0,20001.0,Telèfons,Tel.,932430133,True,,,,,,,431654.79041426536,4586359.084416853,41.42588684529629,2.182064747774402,,,
﻿92168165517,Centre Educatiu Laia,,,1989-10-10T00:00:00+01:00,2022-09-17T04:54:17.879739+02:00,,,227301.0,C Neopàtria,74.0,,60.0,Sant Andreu,9.0,Sant Andreu,8030.0,BARCELONA,True,,171713.0,20001.0,Telèfons,Tel.,933111351,True,,56731069.0,Ensenyament infantil (3-6 anys),Planol BCN >> Educació >> Ensenyament infantil >> Ensenyament infantil (3-6 anys),651.0,65103003000001.0,432274.9593196783,4586727.442951994,41.429257050664624,2.18944476551275,,,
﻿92168165517,Centre Educatiu Laia,,,1989-10-10T00:00:00+01:00,2022-09-17T04:54:17.879739+02:00,,,227301.0,C Neopàtria,74.0,,60.0,Sant Andreu,9.0,Sant Andreu,8030.0,BARCELONA,True,,171713.0,20001.0,Telèfons,Tel.,933111351,True,,56732068.0,Educació primària,Planol BCN >> Educació >> Ensenyament reglat >> Educació primària,651.0,65103003001000.0,432274.9593196783,4586727.442951994,41.429257050664624,2.18944476551275,,,
﻿92168165536,Lyceé Français de Barcelone,,,1992-04-03T00:00:00+02:00,2022-09-17T04:54:18.473053+02:00,,,62700.0,C Bosch i Gimpera,6.0,,23.0,Sarrià,5.0,Sarrià-Sant Gervasi,8034.0,BARCELONA,True,,171718.0,20001.0,Telèfons,Tel.,932037950,True,,,,,,,426287.1173167284,4582730.33567214,41.39272981969986,2.118275089195076,,,
﻿92168165548,Centre d'Educació Especial La Ginesta,,,1984-05-30T00:00:00+02:00,2022-10-11T18:43:31.789703+02:00,,,352507.0,Pg Vall d'Hebron,171.0,,40.0,Montbau,7.0,Horta-Guinardó,8035.0,BARCELONA,True,,171719.0,20001.0,Telèfons,Tel.,934276845,True,,,,,,,428748.82438690326,4587482.826868194,41.43575541409688,2.147158169831797,,,
﻿92168165557,Institut Lluïsa Cura,,,1989-11-16T00:00:00+01:00,2022-09-17T04:54:23.749112+02:00,,,296508.0,Rda Sant Antoni,19.0,,10.0,Sant Antoni,2.0,Eixample,8011.0,BARCELONA,True,,171721.0,20001.0,Telèfons,Tel.,933254157,True,,56732073.0,Formació professional,Planol BCN >> Educació >> Ensenyament reglat >> Formació professional,651.0,65103003001005.0,430030.7252166935,4581374.104701786,41.38084909970436,2.163206607694735,,,
﻿92086033565,Escola Bressol Municipal El Vent,,,1990-10-05T00:00:00+01:00,2024-06-17T11:52:23.294894+02:00,,,700815.0,C Miguel Hernández,20.0,,49.0,Canyelles,8.0,Nou Barris,8042.0,BARCELONA,True,,167961.0,20001.0,Telèfons,Tel.,934273745,True,,56731068.0,Ensenyament infantil (0-3 anys),Planol BCN >> Educació >> Ensenyament infantil >> Ensenyament infantil (0-3 anys),651.0,65103003000000.0,430326.867910607,4588267.555552975,41.44296160942353,2.1659541496737007,,,
﻿92086033565,Escola Bressol Municipal El Vent,,,1990-10-05T00:00:00+01:00,2024-06-17T11:52:23.294894+02:00,,,700815.0,C Miguel Hernández,20.0,,49.0,Canyelles,8.0,Nou Barris,8042.0,BARCELONA,True,,167961.0,20001.0,Telèfons,Tel.,934273745,True,,56731070.0,Escoles Bressol municipals,Planol BCN >> Educació >> Ensenyament infantil >> Escoles Bressol municipals,651.0,65103003000002.0,430326.867910607,4588267.555552975,41.44296160942353,2.1659541496737007,,,
﻿92086007939,Centre Educatiu Fert,,,1988-05-10T00:00:00+02:00,2022-09-17T04:02:49.940314+02:00,,,261707.0,C Pomaret,23.0,,25.0,Sant Gervasi - la Bonanova,5.0,Sarrià-Sant Gervasi,8017.0,BARCELONA,True,,161735.0,20001.0,Telèfons,Tel.,934173005,True,,,,,,,426775.6662880986,4584020.523193766,41.40439459805379,2.123962229894848,,,
﻿92086008030,Escola Mallorquí,,,2002-05-09T10:29:32+02:00,2022-09-17T04:02:52.780175+02:00,,,28305.0,C Ausiàs Marc,10.0,,7.0,la Dreta de l'Eixample,2.0,Eixample,8010.0,BARCELONA,True,,162201.0,20001.0,Telèfons,Tel.,933024335,True,,,,,,,430965.2729190238,4582404.6408373015,41.39021155437006,2.174264729288276,,,
﻿92086008087,Centre Educatiu Ramón y Cajal,,,1985-05-31T00:00:00+02:00,2022-09-17T04:02:58.934973+02:00,,,289105.0,C Rosselló,303.0,,7.0,la Dreta de l'Eixample,2.0,Eixample,8037.0,BARCELONA,True,,162203.0,20001.0,Telèfons,Tel.,932070680,True,,56732073.0,Formació professional,Planol BCN >> Educació >> Ensenyament reglat >> Formació professional,651.0,65103003001005.0,430178.3353624235,4583393.894024982,41.39905349511968,2.164738940810504,,,
﻿92086034332,Centre de Recursos Pedagògics de Gràcia,,,1992-02-07T00:00:00+01:00,2023-02-01T15:33:23.706656+01:00,,,366002.0,C Mare de Déu de la Salut,87.0,,30.0,la Salut,6.0,Gràcia,8024.0,BARCELONA,True,,168991.0,20001.0,Telèfons,Tel.,935545324,True,,,,,,,429771.2259871236,4584980.258470924,41.41330584032595,2.159685205611097,,,
﻿92086034333,Centre de Recursos Pedagògics de Sants-Montjuïc,,,1992-02-07T00:00:00+01:00,2022-09-17T04:45:14.687417+02:00,,,235208.0,C Olzinelles,73.0,,16.0,la Bordeta,3.0,Sants-Montjuïc,8014.0,BARCELONA,True,,168986.0,20001.0,Telèfons,Tel.,934317163,True,,,,,,,427854.34659492655,4580355.989182741,41.37148710805008,2.1373023048520494,,,
﻿92168164758,Institut Escola Ciutat Comtal,,,1989-03-02T00:00:00+01:00,2024-07-19T09:41:09.883892+02:00,,,271201.0,C Pujalt,6.0,,56.0,Vallbona,8.0,Nou Barris,8033.0,BARCELONA,True,,171748.0,20001.0,Telèfons,Tel.,933592942,True,,56731069.0,Ensenyament infantil (3-6 anys),Planol BCN >> Educació >> Ensenyament infantil >> Ensenyament infantil (3-6 anys),651.0,65103003000001.0,431753.7986195046,4590473.202368945,41.46294957595788,2.1827847217571863,,,
﻿92168164758,Institut Escola Ciutat Comtal,,,1989-03-02T00:00:00+01:00,2024-07-19T09:41:09.883892+02:00,,,271201.0,C Pujalt,6.0,,56.0,Vallbona,8.0,Nou Barris,8033.0,BARCELONA,True,,171748.0,20001.0,Telèfons,Tel.,933592942,True,,56732068.0,Educació primària,Planol BCN >> Educació >> Ensenyament reglat >> Educació primària,651.0,65103003001000.0,431753.7986195046,4590473.202368945,41.46294957595788,2.1827847217571863,,,
﻿92168164758,Institut Escola Ciutat Comtal,,,1989-03-02T00:00:00+01:00,2024-07-19T09:41:09.883892+02:00,,,271201.0,C Pujalt,6.0,,56.0,Vallbona,8.0,Nou Barris,8033.0,BARCELONA,True,,171748.0,20001.0,Telèfons,Tel.,933592942,True,,56732069.0,Educació secundària,Planol BCN >> Educació >> Ensenyament reglat >> Educació secundària,651.0,65103003001001.0,431753.7986195046,4590473.202368945,41.46294957595788,2.1827847217571863,,,
﻿92168164760,Centre Educatiu Claret,,,1989-07-14T00:00:00+02:00,2021-05-04T09:52:10.918883+02:00,,,297001.0,C Sant Antoni Maria Claret,49.0,,32.0,el Camp d'en Grassot i Gràcia Nova,6.0,Gràcia,8025.0,BARCELONA,True,,171749.0,20001.0,Telèfons,Tel.,932081830,True,,56731069.0,Ensenyament infantil (3-6 anys),Planol BCN >> Educació >> Ensenyament infantil >> Ensenyament infantil (3-6 anys),651.0,65103003000001.0,430340.7706259227,4584158.169604532,41.405951148357936,2.166593971349565,,,
﻿92168164760,Centre Educatiu Claret,,,1989-07-14T00:00:00+02:00,2021-05-04T09:52:10.918883+02:00,,,297001.0,C Sant Antoni Maria Claret,49.0,,32.0,el Camp d'en Grassot i Gràcia Nova,6.0,Gràcia,8025.0,BARCELONA,True,,171749.0,20001.0,Telèfons,Tel.,932081830,True,,56732068.0,Educació primària,Planol BCN >> Educació >> Ensenyament reglat >> Educació primària,651.0,65103003001000.0,430340.7706259227,4584158.169604532,41.405951148357936,2.166593971349565,,,
﻿92168164760,Centre Educatiu Claret,,,1989-07-14T00:00:00+02:00,2021-05-04T09:52:10.918883+02:00,,,297001.0,C Sant Antoni Maria Claret,49.0,,32.0,el Camp d'en Grassot i Gràcia Nova,6.0,Gràcia,8025.0,BARCELONA,True,,171749.0,20001.0,Telèfons,Tel.,932081830,True,,56732069.0,Educació secundària,Planol BCN >> Educació >> Ensenyament reglat >> Educació secundària,651.0,65103003001001.0,430340.7706259227,4584158.169604532,41.405951148357936,2.166593971349565,,,
﻿99400736793,Centre educatiu Learnlife,,,2024-05-27T09:53:00.036595+02:00,2024-07-03T09:07:21.800083+02:00,,,110304.0,Carrer d'Enric Granados,7.0,7.0,8.0,l'Antiga Esquerra de l'Eixample,2.0,Eixample,8007.0,Barcelona,False,,607899.0,20001.0,Telèfons,Tel.,695 118 539,True,,,,,,,429974.618,4582124.074,41.3875989458641,2.162448989241633,,,
﻿98125165447,Escola Tècnica Superior d'Arquitectura La Salle - URL,,,1998-05-05T00:00:00+02:00,2024-05-27T10:35:13.594173+02:00,,,95007.0,C Quatre Camins,30.0,,25.0,Sant Gervasi - la Bonanova,5.0,Sarrià-Sant Gervasi,8022.0,BARCELONA,True,,200451.0,20001.0,Telèfons,Tel.,932902411,True,,56732071.0,Universitats,Planol BCN >> Educació >> Ensenyament reglat >> Universitats,651.0,65103003001003.0,427290.6671651552,4584575.7108910885,41.40944167227188,2.1300561885083784,,,
﻿99400667620,Programa d'Estudis Independents,94354123927.0,Museu d'Art Contemporani de Barcelona,2021-04-13T10:02:11.242909+02:00,2021-04-13T10:12:46.467753+02:00,,,16601.0,Pl Àngels,1.0,,1.0,el Raval,1.0,Ciutat Vella,8001.0,BARCELONA,True,,406544.0,20001.0,Telèfons,Tel.,934813368,True,,56732071.0,Universitats,Planol BCN >> Educació >> Ensenyament reglat >> Universitats,651.0,65103003001003.0,430347.9170788345,4581634.635224572,41.38322313755374,2.166969712908759,,,
﻿93137143751,Deià Escola d’Art i Disseny,,,1993-05-17T00:00:00+02:00,2024-01-09T12:40:01.629556+01:00,,,700865.0,C Ignasi Agustí,2.0,,49.0,Canyelles,8.0,Nou Barris,8042.0,BARCELONA,True,,173040.0,20001.0,Telèfons,Tel.,933 546 073,True,,,,,,,430477.80240977736,4588444.134864262,41.44456507128881,2.16774045691093,,,
﻿99400694716,Institut de Ciències del Cosmos,,,2022-07-04T12:05:39.989059+02:00,2024-05-22T11:52:41.609405+02:00,,,7258.0,Carrer de Martí i Franquès,1.0,1.0,20.0,la Maternitat i Sant Ramon,4.0,Les Corts,8028.0,Barcelona,True,,459408.0,20001.0,Telèfons,Tel.,93 402 15 88,False,,56732071.0,Universitats,Planol BCN >> Educació >> Ensenyament reglat >> Universitats,651.0,65103003001003.0,426247.273,4581879.573,41.38506372270051,2.1179021240670406,,,
﻿96289153942,Aula Taller Cruïlla,92086005671.0,Parròquia de Sant Bernat de Claravall,1996-10-15T00:00:00+02:00,2022-09-17T05:25:04.662494+02:00,,,248301.0,C Pedraforca,2.0,,55.0,Ciutat Meridiana,8.0,Nou Barris,8033.0,BARCELONA,True,,194552.0,20001.0,Telèfons,Tel.,933590340,True,,,,,,,431100.9119935064,4590258.636325143,41.46096126668374,2.17499198975478,,,
﻿92086002687,Institut de Ciències Polítiques i Socials,,,1989-03-06T00:00:00+01:00,2024-05-22T12:01:25.123882+02:00,,,191204.0,C Mallorca,244.0,,7.0,la Dreta de l'Eixample,2.0,Eixample,8008.0,BARCELONA,True,,159976.0,20001.0,Telèfons,Tel.,934871076,True,,56732071.0,Universitats,Planol BCN >> Educació >> Ensenyament reglat >> Universitats,651.0,65103003001003.0,429920.8540014763,4582734.974399529,41.39309643628034,2.16173532171433,,,
﻿93049133245,Escola Cervantes,,,1993-02-18T00:00:00+01:00,2024-06-17T14:14:18.880240+02:00,,,31707.0,C Sant Pere Més Baix,31.0,,4.0,"Sant Pere, Santa Caterina i la Ribera",1.0,Ciutat Vella,8003.0,BARCELONA,True,,173352.0,20001.0,Telèfons,Tel.,932682050,True,,56731069.0,Ensenyament infantil (3-6 anys),Planol BCN >> Educació >> Ensenyament infantil >> Ensenyament infantil (3-6 anys),651.0,65103003000001.0,431197.8017242793,4582085.150002151,41.38735392112421,2.1770820552623897,,,
﻿93049133245,Escola Cervantes,,,1993-02-18T00:00:00+01:00,2024-06-17T14:14:18.880240+02:00,,,31707.0,C Sant Pere Més Baix,31.0,,4.0,"Sant Pere, Santa Caterina i la Ribera",1.0,Ciutat Vella,8003.0,BARCELONA,True,,173352.0,20001.0,Telèfons,Tel.,932682050,True,,56732068.0,Educació primària,Planol BCN >> Educació >> Ensenyament reglat >> Educació primària,651.0,65103003001000.0,431197.8017242793,4582085.150002151,41.38735392112421,2.1770820552623897,,,
﻿92086023501,Llar d'Infants Sol Solet,,,1987-11-12T00:00:00+01:00,2022-09-17T04:33:56.688657+02:00,,,169409.0,G.V. Corts Catalanes,741.0,,5.0,el Fort Pienc,2.0,Eixample,8013.0,BARCELONA,True,,166606.0,20001.0,Telèfons,Tel.,932650382,True,,56731068.0,Ensenyament infantil (0-3 anys),Planol BCN >> Educació >> Ensenyament infantil >> Ensenyament infantil (0-3 anys),651.0,65103003000000.0,431491.2496111672,4583365.39857145,41.39890978007488,2.1804467099548983,,,
﻿92086023613,Llar d'Infants Petit Món de les Corts,,,1987-11-17T00:00:00+01:00,2022-09-17T04:34:12.675447+02:00,,,231502.0,C Numància,101.0,,19.0,les Corts,4.0,Les Corts,8029.0,BARCELONA,True,,166618.0,20001.0,Telèfons,Tel.,933222477,True,,56731068.0,Ensenyament infantil (0-3 anys),Planol BCN >> Educació >> Ensenyament infantil >> Ensenyament infantil (0-3 anys),651.0,65103003000000.0,427761.4411559154,4581951.273591775,41.3858468933957,2.136001343178898,,,
﻿98033173750,Llar d'Infants Copérnico,,,1998-02-02T00:00:00+01:00,2022-07-26T10:50:20.927427+02:00,,,17900.0,Ptge Antoni Gassol,9.0,,72.0,Sant Martí de Provençals,10.0,Sant Martí,8018.0,BARCELONA,True,,199572.0,20001.0,Telèfons,Tel.,933087804,True,,56731068.0,Ensenyament infantil (0-3 anys),Planol BCN >> Educació >> Ensenyament infantil >> Ensenyament infantil (0-3 anys),651.0,65103003000000.0,432792.23166119,4584911.26675726,41.41294276456834,2.195836891968176,,,
﻿94068135927,Autoescola RACC *Pg Sant Joan,,,1994-03-09T00:00:00+01:00,2022-09-17T05:07:58.963741+02:00,,,305100.0,Pg Sant Joan,180.0,,32.0,el Camp d'en Grassot i Gràcia Nova,6.0,Gràcia,8037.0,BARCELONA,True,,174981.0,20001.0,Telèfons,Tel.,934572388,True,,,,,,,430192.2711281845,4583870.36638064,41.40334612515551,2.1648506910077767,,,
﻿92168165027,Escola Estel-Guinardó,,,1989-07-27T00:00:00+02:00,2021-05-04T09:56:36.853988+02:00,,,332805.0,C Telègraf,58.0,,35.0,el Guinardó,7.0,Horta-Guinardó,8041.0,BARCELONA,True,,171786.0,20001.0,Telèfons,Tel.,934504994,True,,56731069.0,Ensenyament infantil (3-6 anys),Planol BCN >> Educació >> Ensenyament infantil >> Ensenyament infantil (3-6 anys),651.0,65103003000001.0,430855.6073610643,4585441.31219965,41.41755241454136,2.172606246971933,,,
﻿92168165027,Escola Estel-Guinardó,,,1989-07-27T00:00:00+02:00,2021-05-04T09:56:36.853988+02:00,,,332805.0,C Telègraf,58.0,,35.0,el Guinardó,7.0,Horta-Guinardó,8041.0,BARCELONA,True,,171786.0,20001.0,Telèfons,Tel.,934504994,True,,56732068.0,Educació primària,Planol BCN >> Educació >> Ensenyament reglat >> Educació primària,651.0,65103003001000.0,430855.6073610643,4585441.31219965,41.41755241454136,2.172606246971933,,,
﻿92168165077,Escola Estudi d'Art,,,1986-07-29T00:00:00+02:00,2022-09-17T04:53:36.531045+02:00,,,133809.0,Fraternitat,17.0,,31.0,la Vila de Gràcia,6.0,Gràcia,8012.0,BARCELONA,True,,171788.0,20001.0,Telèfons,Tel.,932074302,True,,,,,,,429850.2235204896,4583538.06855082,41.4003234653543,2.160797509514976,,,
﻿92168165129,Institut Flos i Calcat,,,1989-03-02T00:00:00+01:00,2022-09-17T04:53:40.389365+02:00,,,282650.0,Av Rio de Janeiro,92.0,,45.0,Porta,8.0,Nou Barris,8016.0,BARCELONA,True,,171792.0,20001.0,Telèfons,Tel.,933542961,True,,56732069.0,Educació secundària,Planol BCN >> Educació >> Ensenyament reglat >> Educació secundària,651.0,65103003001001.0,431682.1308716742,4587725.2841111785,41.43819404222232,2.182237500103421,,,
﻿92168165129,Institut Flos i Calcat,,,1989-03-02T00:00:00+01:00,2022-09-17T04:53:40.389365+02:00,,,282650.0,Av Rio de Janeiro,92.0,,45.0,Porta,8.0,Nou Barris,8016.0,BARCELONA,True,,171792.0,20001.0,Telèfons,Tel.,933542961,True,,56732073.0,Formació professional,Planol BCN >> Educació >> Ensenyament reglat >> Formació professional,651.0,65103003001005.0,431682.1308716742,4587725.2841111785,41.43819404222232,2.182237500103421,,,
﻿93292145729,Fons Formació Zona Mediterrànea S.L.L.,,,1993-10-19T00:00:00+01:00,2022-09-17T05:05:27.105969+02:00,,,234602.0,Om,5.0,,1.0,el Raval,1.0,Ciutat Vella,8001.0,BARCELONA,True,,174959.0,20001.0,Telèfons,Tel.,934429400,True,,,,,,,430814.72470340296,4580843.088046373,41.37613418675069,2.1726424773170083,,,
﻿92168166371,Centre Educatiu Virolai,,,1989-09-26T00:00:00+01:00,2022-09-17T04:56:04.125122+02:00,,,77800.0,C Ceuta,16.0,,37.0,el Carmel,7.0,Horta-Guinardó,8032.0,BARCELONA,True,,172772.0,20001.0,Telèfons,Tel.,932846343,True,,56731068.0,Ensenyament infantil (0-3 anys),Planol BCN >> Educació >> Ensenyament infantil >> Ensenyament infantil (0-3 anys),651.0,65103003000000.0,429177.1476491386,4585491.559362617,41.41785879011815,2.1525177085636917,,,
﻿92168166371,Centre Educatiu Virolai,,,1989-09-26T00:00:00+01:00,2022-09-17T04:56:04.125122+02:00,,,77800.0,C Ceuta,16.0,,37.0,el Carmel,7.0,Horta-Guinardó,8032.0,BARCELONA,True,,172772.0,20001.0,Telèfons,Tel.,932846343,True,,56731069.0,Ensenyament infantil (3-6 anys),Planol BCN >> Educació >> Ensenyament infantil >> Ensenyament infantil (3-6 anys),651.0,65103003000001.0,429177.1476491386,4585491.559362617,41.41785879011815,2.1525177085636917,,,
﻿92168166371,Centre Educatiu Virolai,,,1989-09-26T00:00:00+01:00,2022-09-17T04:56:04.125122+02:00,,,77800.0,C Ceuta,16.0,,37.0,el Carmel,7.0,Horta-Guinardó,8032.0,BARCELONA,True,,172772.0,20001.0,Telèfons,Tel.,932846343,True,,56732068.0,Educació primària,Planol BCN >> Educació >> Ensenyament reglat >> Educació primària,651.0,65103003001000.0,429177.1476491386,4585491.559362617,41.41785879011815,2.1525177085636917,,,
﻿92168166371,Centre Educatiu Virolai,,,1989-09-26T00:00:00+01:00,2022-09-17T04:56:04.125122+02:00,,,77800.0,C Ceuta,16.0,,37.0,el Carmel,7.0,Horta-Guinardó,8032.0,BARCELONA,True,,172772.0,20001.0,Telèfons,Tel.,932846343,True,,56732069.0,Educació secundària,Planol BCN >> Educació >> Ensenyament reglat >> Educació secundària,651.0,65103003001001.0,429177.1476491386,4585491.559362617,41.41785879011815,2.1525177085636917,,,
﻿92168166371,Centre Educatiu Virolai,,,1989-09-26T00:00:00+01:00,2022-09-17T04:56:04.125122+02:00,,,77800.0,C Ceuta,16.0,,37.0,el Carmel,7.0,Horta-Guinardó,8032.0,BARCELONA,True,,172772.0,20001.0,Telèfons,Tel.,932846343,True,,56732073.0,Formació professional,Planol BCN >> Educació >> Ensenyament reglat >> Formació professional,651.0,65103003001005.0,429177.1476491386,4585491.559362617,41.41785879011815,2.1525177085636917,,,
﻿92086013802,Escola Lina Corredor,,,1985-06-27T00:00:00+02:00,2022-09-17T04:23:28.650088+02:00,,,18301.0,Francesc Bolòs,20.0,,44.0,Vilapicina i la Torre Llobeta,8.0,Nou Barris,8031.0,BARCELONA,True,,164731.0,20001.0,Telèfons,Tel.,934206145,True,,,,,,,430871.5289531576,4586674.988179319,41.42866505264299,2.172655718317032,,,
﻿92086008787,Universitat de Barcelona,,,1991-11-26T00:00:00+01:00,2024-05-23T12:56:19.140845+02:00,,,169409.0,Gran Via de les Corts Catalanes,585.0,,8.0,l'Antiga Esquerra de l'Eixample,2.0,Eixample,8007.0,Barcelona,True,,161915.0,20003.0,Telèfons,Centraleta,934 021 100,True,,56732071.0,Universitats,Planol BCN >> Educació >> Ensenyament reglat >> Universitats,651.0,65103003001003.0,430105.756355228,4582009.3515178105,41.38657708352391,2.164030568391206,,,
﻿97275093600,Centre Educatiu Stucom Pelai,,,1997-10-02T00:00:00+02:00,2022-02-14T13:10:36.361685+01:00,,,250904.0,C Pelai,8.0,,1.0,el Raval,1.0,Ciutat Vella,8001.0,BARCELONA,True,,198588.0,20001.0,Telèfons,Tel.,933015696,True,,56733068.0,Adults,Planol BCN >> Educació >> Ensenyament no reglat >> Adults,651.0,65103003002000.0,430210.9323509744,4581921.9513924215,41.38579903052059,2.165298464715733,,,
﻿97275093600,Centre Educatiu Stucom Pelai,,,1997-10-02T00:00:00+02:00,2022-02-14T13:10:36.361685+01:00,,,250904.0,C Pelai,8.0,,1.0,el Raval,1.0,Ciutat Vella,8001.0,BARCELONA,True,,198588.0,20001.0,Telèfons,Tel.,933015696,True,,56732073.0,Formació professional,Planol BCN >> Educació >> Ensenyament reglat >> Formació professional,651.0,65103003001005.0,430210.9323509744,4581921.9513924215,41.38579903052059,2.165298464715733,,,
﻿92086031670,European University,,,1990-01-26T00:00:00+01:00,2022-09-17T04:42:00.993491+02:00,,,139805.0,Ganduxer,70.0,,26.0,Sant Gervasi - Galvany,5.0,Sarrià-Sant Gervasi,8021.0,BARCELONA,True,,167570.0,20001.0,Telèfons,Tel.,932018114,True,,,,,,,427725.4902132145,4583311.545312884,41.39809508274005,2.135409080932094,,,
﻿99400276546,Llar d'Infants Picafort,,,2011-09-02T11:43:23+02:00,2022-09-17T07:42:01.800982+02:00,,,133300.0,C Francesc Tàrrega,35.0,,62.0,el Congrés i els Indians,9.0,Sant Andreu,8027.0,BARCELONA,True,,224822.0,20001.0,Telèfons,Tel.,933522150,True,,56731068.0,Ensenyament infantil (0-3 anys),Planol BCN >> Educació >> Ensenyament infantil >> Ensenyament infantil (0-3 anys),651.0,65103003000000.0,431516.4568022512,4586137.508548272,41.42387940818359,2.1804344702808622,,,
﻿92086030143,Centre Recursos per a la Formació de Persones Adultes,,,1990-01-26T00:00:00+01:00,2021-07-28T10:48:52.071226+02:00,,,86902.0,Carrer Nou de la Rambla,47.0,,1.0,el Raval,1.0,Ciutat Vella,8001.0,Barcelona,True,,167901.0,20001.0,Telèfons,Tel.,93 441 93 38,True,,,,,,,430834.5944861564,4580959.957909605,41.377188507462535,2.172866731852628,,,
﻿92086015944,Centre de Recursos Pedagògics de Ciutat Vella,,,1992-02-07T00:00:00+01:00,2023-02-01T15:33:27.500482+01:00,,,274607.0,Plta Pi,2.0,,2.0,el Barri Gòtic,1.0,Ciutat Vella,8002.0,BARCELONA,True,,164818.0,20001.0,Telèfons,Tel.,933015530,True,,,,,,,430955.2242080108,4581472.350932977,41.38181384028324,2.1742507955315635,,,
﻿92086036838,Escola Bressol Municipal Xarlot,,,1991-09-25T00:00:00+02:00,2022-09-17T04:47:17.845467+02:00,,,243909.0,C Pantà de Tremp,66.0,,37.0,el Carmel,7.0,Horta-Guinardó,8032.0,BARCELONA,True,,171449.0,20001.0,Telèfons,Tel.,933589300,True,,56731068.0,Ensenyament infantil (0-3 anys),Planol BCN >> Educació >> Ensenyament infantil >> Ensenyament infantil (0-3 anys),651.0,65103003000000.0,429222.351003506,4586474.7777893245,41.426718218261776,2.152943490346133,,,
﻿92086036838,Escola Bressol Municipal Xarlot,,,1991-09-25T00:00:00+02:00,2022-09-17T04:47:17.845467+02:00,,,243909.0,C Pantà de Tremp,66.0,,37.0,el Carmel,7.0,Horta-Guinardó,8032.0,BARCELONA,True,,171449.0,20001.0,Telèfons,Tel.,933589300,True,,56731070.0,Escoles Bressol municipals,Planol BCN >> Educació >> Ensenyament infantil >> Escoles Bressol municipals,651.0,65103003000002.0,429222.351003506,4586474.7777893245,41.426718218261776,2.152943490346133,,,
﻿92086037186,Autoescola Joves,,,1991-10-08T00:00:00+01:00,2022-09-17T04:47:18.457258+02:00,,,158504.0,Huelva,88.0,,72.0,Sant Martí de Provençals,10.0,Sant Martí,8020.0,BARCELONA,True,,171466.0,20001.0,Telèfons,Tel.,933148459,True,,,,,,,432991.3206129584,4585487.219181919,41.41814682110171,2.198155034748996,,,
﻿99400394951,Escola d'Idiomes DinoCrocs *Bonanova,,,2015-08-28T09:57:57+02:00,2024-02-21T12:57:14.428752+01:00,,,97308.0,C Dalmases,81.0,,25.0,Sant Gervasi - la Bonanova,5.0,Sarrià-Sant Gervasi,8022.0,BARCELONA,True,,227211.0,20001.0,Telèfons,Tel.,933154951,True,,56733069.0,Idiomes,Planol BCN >> Educació >> Ensenyament no reglat >> Idiomes,651.0,65103003002001.0,427374.1734770855,4584005.569468655,41.40431420737963,2.131123622322749,,,
﻿99400395045,Escola Yoga Bindu,,,2015-08-28T14:01:28+02:00,2022-09-17T08:26:57.074759+02:00,,,21102.0,C Arc de Santa Eulàlia,1.0,,2.0,el Barri Gòtic,1.0,Ciutat Vella,8002.0,BARCELONA,True,,227212.0,20001.0,Telèfons,Tel.,930011550,True,,,,,,,431025.849527451,4581442.687236912,41.38155272586378,2.1750987398337185,,,
﻿92086021761,Escola de Tennis,92168152817.0,Club Esportiu Hispano-Francés,1991-11-25T00:00:00+01:00,2023-01-20T14:10:22.239017+01:00,,,169103.0,C Jorge Manrique,15.0,,41.0,la Vall d'Hebron,7.0,Horta-Guinardó,8035.0,BARCELONA,True,,166788.0,20027.0,Telèfons,Fax,93.112.75.18,True,,,,,,,428973.9923076393,4586980.981804789,41.43125546050489,2.149912009772774,,,
﻿92086021797,Escola Iniciació Esportiva,92086021796.0,Associació Esportiva de Gràcia,1991-12-09T00:00:00+01:00,2022-09-17T04:32:35.551889+02:00,,,251102.0,C Perill,6.0,,31.0,la Vila de Gràcia,6.0,Gràcia,8012.0,BARCELONA,True,,166511.0,20001.0,Telèfons,Tel.,934592427,True,,,,,,,429875.80929875176,4583409.177813306,41.39916482419202,2.161118489956405,,,
﻿99400742057,Edifici Martí Codolar,97027175152.0,Facultat de Ciències de la Salut Blanquerna - URL,2024-09-04T14:53:58.579655+02:00,2024-09-04T14:58:00.835268+02:00,,,700827.0,Avinguda del Cardenal Vidal i Barraquer,1.0,15.0,41.0,la Vall d'Hebron,7.0,Horta-Guinardó,8035.0,Barcelona,True,,623716.0,20001.0,Telèfons,Tel.,932533256,True,,56732071.0,Universitats,Planol BCN >> Educació >> Ensenyament reglat >> Universitats,651.0,65103003001003.0,429051.073,4586667.951,41.42844293832953,2.150871206591779,,,
﻿92086012891,Escola de Futbol Guinardó,,,1985-05-15T00:00:00+02:00,2022-09-17T04:22:28.003291+02:00,,,238400.0,Padilla,262.0,,6.0,la Sagrada Família,2.0,Eixample,8025.0,BARCELONA,True,,165003.0,20001.0,Telèfons,Tel.,934352835,True,,,,,,,431147.181778874,4584223.244135068,41.40660672697025,2.176233543449085,,,
﻿92086031227,Autoescola Esparraguera,,,1990-07-20T00:00:00+02:00,2022-09-17T04:41:31.407102+02:00,,,169908.0,Josep Estivill,5.0,,63.0,Navas,9.0,Sant Andreu,8027.0,BARCELONA,True,,167537.0,20001.0,Telèfons,Tel.,933518965,True,,,,,,,431967.0375913101,4585328.342526237,41.41662980138338,2.1859172199735446,,,
﻿93118151930,Escola Pau Casals-Gràcia,,,1993-04-28T00:00:00+02:00,2022-09-17T05:02:37.098579+02:00,,,268105.0,C Providència,134.0,,32.0,el Camp d'en Grassot i Gràcia Nova,6.0,Gràcia,8024.0,BARCELONA,True,,173274.0,20001.0,Telèfons,Tel.,932195362,True,,56731069.0,Ensenyament infantil (3-6 anys),Planol BCN >> Educació >> Ensenyament infantil >> Ensenyament infantil (3-6 anys),651.0,65103003000001.0,429943.561405872,4584536.085837342,41.409320383752046,2.1617984817700022,,,
﻿93118151930,Escola Pau Casals-Gràcia,,,1993-04-28T00:00:00+02:00,2022-09-17T05:02:37.098579+02:00,,,268105.0,C Providència,134.0,,32.0,el Camp d'en Grassot i Gràcia Nova,6.0,Gràcia,8024.0,BARCELONA,True,,173274.0,20001.0,Telèfons,Tel.,932195362,True,,56732068.0,Educació primària,Planol BCN >> Educació >> Ensenyament reglat >> Educació primària,651.0,65103003001000.0,429943.561405872,4584536.085837342,41.409320383752046,2.1617984817700022,,,
﻿93123115948,Escola L'Arc de Sant Martí,,,1993-05-03T00:00:00+02:00,2022-09-17T05:02:39.499156+02:00,,,700023.0,C Almacelles,1.0,,73.0,la Verneda i la Pau,10.0,Sant Martí,8020.0,BARCELONA,True,,173282.0,20001.0,Telèfons,Tel.,933141776,True,,56731069.0,Ensenyament infantil (3-6 anys),Planol BCN >> Educació >> Ensenyament infantil >> Ensenyament infantil (3-6 anys),651.0,65103003000001.0,433130.4101603315,4586000.768203793,41.4227837894168,2.199762482375375,,,
﻿93123115948,Escola L'Arc de Sant Martí,,,1993-05-03T00:00:00+02:00,2022-09-17T05:02:39.499156+02:00,,,700023.0,C Almacelles,1.0,,73.0,la Verneda i la Pau,10.0,Sant Martí,8020.0,BARCELONA,True,,173282.0,20001.0,Telèfons,Tel.,933141776,True,,56732068.0,Educació primària,Planol BCN >> Educació >> Ensenyament reglat >> Educació primària,651.0,65103003001000.0,433130.4101603315,4586000.768203793,41.4227837894168,2.199762482375375,,,
﻿92168165599,Escola Segre,,,1987-09-30T00:00:00+01:00,2023-12-11T16:32:20.700696+01:00,,,322007.0,Carrer del Segre,35.0,,60.0,Sant Andreu,9.0,Sant Andreu,8030.0,Barcelona,True,,171727.0,20001.0,Telèfons,Tel.,933110311,True,,56731069.0,Ensenyament infantil (3-6 anys),Planol BCN >> Educació >> Ensenyament infantil >> Ensenyament infantil (3-6 anys),651.0,65103003000001.0,432584.9312150047,4587206.215348983,41.43359527001918,2.1931008578878304,,,
﻿92168165599,Escola Segre,,,1987-09-30T00:00:00+01:00,2023-12-11T16:32:20.700696+01:00,,,322007.0,Carrer del Segre,35.0,,60.0,Sant Andreu,9.0,Sant Andreu,8030.0,Barcelona,True,,171727.0,20001.0,Telèfons,Tel.,933110311,True,,56732068.0,Educació primària,Planol BCN >> Educació >> Ensenyament reglat >> Educació primària,651.0,65103003001000.0,432584.9312150047,4587206.215348983,41.43359527001918,2.1931008578878304,,,
﻿99400475171,Centre de Recursos Educatius per a Alumnes amb Trastorns del Desenvolupament i la Conducta,,,2017-01-13T14:08:22+01:00,2022-09-17T08:49:24.494068+02:00,,,191204.0,C Mallorca,219.0,,8.0,l'Antiga Esquerra de l'Eixample,2.0,Eixample,8008.0,BARCELONA,True,,229505.0,20001.0,Telèfons,Tel.,935545283,True,,,,,,,429681.0523750213,4582529.063358687,41.39122093616825,2.158891093351745,,,
﻿92168165601,Escola Mare de Déu de Montserrat *Natzaret,,,1989-09-22T00:00:00+02:00,2022-09-17T04:54:31.975877+02:00,,,226604.0,C Natzaret,83.0,,39.0,Sant Genís dels Agudells,7.0,Horta-Guinardó,8035.0,BARCELONA,True,,171728.0,20001.0,Telèfons,Tel.,934181300,True,,56731069.0,Ensenyament infantil (3-6 anys),Planol BCN >> Educació >> Ensenyament infantil >> Ensenyament infantil (3-6 anys),651.0,65103003000001.0,427789.1899264408,4586424.650974961,41.426139197286666,2.135799470179093,,,
﻿92168165601,Escola Mare de Déu de Montserrat *Natzaret,,,1989-09-22T00:00:00+02:00,2022-09-17T04:54:31.975877+02:00,,,226604.0,C Natzaret,83.0,,39.0,Sant Genís dels Agudells,7.0,Horta-Guinardó,8035.0,BARCELONA,True,,171728.0,20001.0,Telèfons,Tel.,934181300,True,,56732068.0,Educació primària,Planol BCN >> Educació >> Ensenyament reglat >> Educació primària,651.0,65103003001000.0,427789.1899264408,4586424.650974961,41.426139197286666,2.135799470179093,,,
﻿92086013953,Escola de Música Aula de Música 7,,,1989-05-22T00:00:00+02:00,2023-01-11T13:11:14.855266+01:00,,,144601.0,Av Diagonal,327.0,,7.0,la Dreta de l'Eixample,2.0,Eixample,8009.0,BARCELONA,True,,164742.0,20001.0,Telèfons,Tel.,93 207 40 22,True,,56732070.0,Música,Planol BCN >> Educació >> Ensenyament reglat >> Música,651.0,65103003001002.0,430597.955290232,4583369.271351532,41.39886805495827,2.1697610759866617,,,
﻿92086005087,Institut Joan d'Àustria,,,1984-05-30T00:00:00+02:00,2022-09-17T03:58:28.420279+02:00,,,322608.0,C Selva de Mar,211.0,,72.0,Sant Martí de Provençals,10.0,Sant Martí,8020.0,BARCELONA,True,,160675.0,20001.0,Telèfons,Tel.,933073402,True,,56732069.0,Educació secundària,Planol BCN >> Educació >> Ensenyament reglat >> Educació secundària,651.0,65103003001001.0,433050.3380889396,4585240.485598836,41.41592948460128,2.198888496942657,,,
﻿92086005087,Institut Joan d'Àustria,,,1984-05-30T00:00:00+02:00,2022-09-17T03:58:28.420279+02:00,,,322608.0,C Selva de Mar,211.0,,72.0,Sant Martí de Provençals,10.0,Sant Martí,8020.0,BARCELONA,True,,160675.0,20001.0,Telèfons,Tel.,933073402,True,,56732073.0,Formació professional,Planol BCN >> Educació >> Ensenyament reglat >> Formació professional,651.0,65103003001005.0,433050.3380889396,4585240.485598836,41.41592948460128,2.198888496942657,,,
﻿92086014046,Col·legi de Teatre de Barcelona *Poble Espanyol,,,1985-07-04T00:00:00+02:00,2023-02-15T13:10:07.433602+01:00,,,198702.0,Av Francesc Ferrer Guàrdia,13.0,,11.0,el Poble-sec,3.0,Sants-Montjuïc,8038.0,BARCELONA,True,,164746.0,20001.0,Telèfons,Tel.,934239737,True,,,,,,,428641.3109980409,4580088.501961428,41.36914809976752,2.1467430809493484,,,
﻿92168165611,Escola Mare Nostrum,,,1987-09-28T00:00:00+01:00,2021-10-01T10:08:29.000318+02:00,,,351901.0,Passeig de Valldaura,12.0,,43.0,Horta,7.0,Horta-Guinardó,8031.0,Barcelona,True,,171603.0,20001.0,Telèfons,Tel.,934273854,True,,56731069.0,Ensenyament infantil (3-6 anys),Planol BCN >> Educació >> Ensenyament infantil >> Ensenyament infantil (3-6 anys),651.0,65103003000001.0,429374.3072947217,4587588.981965185,41.43676676062335,2.154631703068711,,,
﻿92168165611,Escola Mare Nostrum,,,1987-09-28T00:00:00+01:00,2021-10-01T10:08:29.000318+02:00,,,351901.0,Passeig de Valldaura,12.0,,43.0,Horta,7.0,Horta-Guinardó,8031.0,Barcelona,True,,171603.0,20001.0,Telèfons,Tel.,934273854,True,,56732068.0,Educació primària,Planol BCN >> Educació >> Ensenyament reglat >> Educació primària,651.0,65103003001000.0,429374.3072947217,4587588.981965185,41.43676676062335,2.154631703068711,,,
﻿92168165614,Centre Educatiu Madres Concepcionistas de la Enseñanza,,,1989-11-24T00:00:00+01:00,2022-09-17T04:54:36.257836+02:00,,,339305.0,C Torre,19.0,,27.0,el Putxet i el Farró,5.0,Sarrià-Sant Gervasi,8006.0,BARCELONA,True,,171604.0,20001.0,Telèfons,Tel.,932187971,True,,56731069.0,Ensenyament infantil (3-6 anys),Planol BCN >> Educació >> Ensenyament infantil >> Ensenyament infantil (3-6 anys),651.0,65103003000001.0,428883.7108049858,4584040.857445316,41.40476698451717,2.1491772544468377,,,
﻿92168165614,Centre Educatiu Madres Concepcionistas de la Enseñanza,,,1989-11-24T00:00:00+01:00,2022-09-17T04:54:36.257836+02:00,,,339305.0,C Torre,19.0,,27.0,el Putxet i el Farró,5.0,Sarrià-Sant Gervasi,8006.0,BARCELONA,True,,171604.0,20001.0,Telèfons,Tel.,932187971,True,,56732068.0,Educació primària,Planol BCN >> Educació >> Ensenyament reglat >> Educació primària,651.0,65103003001000.0,428883.7108049858,4584040.857445316,41.40476698451717,2.1491772544468377,,,
﻿92168165614,Centre Educatiu Madres Concepcionistas de la Enseñanza,,,1989-11-24T00:00:00+01:00,2022-09-17T04:54:36.257836+02:00,,,339305.0,C Torre,19.0,,27.0,el Putxet i el Farró,5.0,Sarrià-Sant Gervasi,8006.0,BARCELONA,True,,171604.0,20001.0,Telèfons,Tel.,932187971,True,,56732069.0,Educació secundària,Planol BCN >> Educació >> Ensenyament reglat >> Educació secundària,651.0,65103003001001.0,428883.7108049858,4584040.857445316,41.40476698451717,2.1491772544468377,,,
﻿92168165642,Institut Escola Mestre Morera,,,1985-05-10T00:00:00+02:00,2024-07-04T11:18:17.137755+02:00,,,252207.0,C Perafita,48.0,,55.0,Ciutat Meridiana,8.0,Nou Barris,8033.0,BARCELONA,True,,171607.0,20001.0,Telèfons,Tel.,933506600,True,,56731069.0,Ensenyament infantil (3-6 anys),Planol BCN >> Educació >> Ensenyament infantil >> Ensenyament infantil (3-6 anys),651.0,65103003000001.0,430494.6409025629,4590110.659641598,41.45957621396604,2.167750181482561,,,
﻿92168165642,Institut Escola Mestre Morera,,,1985-05-10T00:00:00+02:00,2024-07-04T11:18:17.137755+02:00,,,252207.0,C Perafita,48.0,,55.0,Ciutat Meridiana,8.0,Nou Barris,8033.0,BARCELONA,True,,171607.0,20001.0,Telèfons,Tel.,933506600,True,,56732068.0,Educació primària,Planol BCN >> Educació >> Ensenyament reglat >> Educació primària,651.0,65103003001000.0,430494.6409025629,4590110.659641598,41.45957621396604,2.167750181482561,,,
﻿92168165642,Institut Escola Mestre Morera,,,1985-05-10T00:00:00+02:00,2024-07-04T11:18:17.137755+02:00,,,252207.0,C Perafita,48.0,,55.0,Ciutat Meridiana,8.0,Nou Barris,8033.0,BARCELONA,True,,171607.0,20001.0,Telèfons,Tel.,933506600,True,,56732069.0,Educació secundària,Planol BCN >> Educació >> Ensenyament reglat >> Educació secundària,651.0,65103003001001.0,430494.6409025629,4590110.659641598,41.45957621396604,2.167750181482561,,,
﻿92168165713,Institut Narcís Monturiol *Salvat Papasseit,,,1989-11-15T00:00:00+01:00,2021-05-04T09:22:59.565147+02:00,,,294874.0,Pg Salvat Papasseit,5.0,,3.0,la Barceloneta,1.0,Ciutat Vella,8003.0,BARCELONA,True,,171617.0,20001.0,Telèfons,Tel.,933107226,True,,56732073.0,Formació professional,Planol BCN >> Educació >> Ensenyament reglat >> Formació professional,651.0,65103003001005.0,432506.2411430063,4581399.9889524365,41.38129370288954,2.1928066401883046,,,
﻿92153094436,Espai de Fotografia Francesc Català-Roca,,,1992-06-01T00:00:00+02:00,2023-02-16T10:01:45.420219+01:00,,,184402.0,Carrer de Llança,21.0,,9.0,la Nova Esquerra de l'Eixample,2.0,Eixample,8015.0,Barcelona,True,,171869.0,20001.0,Telèfons,Tel.,933257291,True,,,,,,,428908.9392183603,4580924.286858314,41.376699412038754,2.1498448438073536,,,
﻿92086000037,Escola Bressol Municipal Niu d'Infants,,,1984-05-30T00:00:00+02:00,2023-02-16T09:54:56.081110+01:00,,,61050.0,C Pedrera del Mussol,10.0,,13.0,la Marina de Port,3.0,Sants-Montjuïc,8038.0,BARCELONA,True,,158987.0,20001.0,Telèfons,Tel.,933312565,True,,56731068.0,Ensenyament infantil (0-3 anys),Planol BCN >> Educació >> Ensenyament infantil >> Ensenyament infantil (0-3 anys),651.0,65103003000000.0,428702.2326022775,4579160.256038913,41.36079309617535,2.147580584568932,,,
﻿92086000037,Escola Bressol Municipal Niu d'Infants,,,1984-05-30T00:00:00+02:00,2023-02-16T09:54:56.081110+01:00,,,61050.0,C Pedrera del Mussol,10.0,,13.0,la Marina de Port,3.0,Sants-Montjuïc,8038.0,BARCELONA,True,,158987.0,20001.0,Telèfons,Tel.,933312565,True,,56731070.0,Escoles Bressol municipals,Planol BCN >> Educació >> Ensenyament infantil >> Escoles Bressol municipals,651.0,65103003000002.0,428702.2326022775,4579160.256038913,41.36079309617535,2.147580584568932,,,
﻿92086000075,Escola Bressol Municipal Bellmunt,,,1990-06-07T00:00:00+02:00,2022-11-16T17:24:55.069940+01:00,,,135101.0,C Font Florida,93.0,,14.0,la Font de la Guatlla,3.0,Sants-Montjuïc,8004.0,BARCELONA,True,,158992.0,20001.0,Telèfons,Tel.,933325945,True,,56731068.0,Ensenyament infantil (0-3 anys),Planol BCN >> Educació >> Ensenyament infantil >> Ensenyament infantil (0-3 anys),651.0,65103003000000.0,428302.5673442816,4579846.853249267,41.3669415521691,2.1427216285174966,,,
﻿92086000075,Escola Bressol Municipal Bellmunt,,,1990-06-07T00:00:00+02:00,2022-11-16T17:24:55.069940+01:00,,,135101.0,C Font Florida,93.0,,14.0,la Font de la Guatlla,3.0,Sants-Montjuïc,8004.0,BARCELONA,True,,158992.0,20001.0,Telèfons,Tel.,933325945,True,,56731070.0,Escoles Bressol municipals,Planol BCN >> Educació >> Ensenyament infantil >> Escoles Bressol municipals,651.0,65103003000002.0,428302.5673442816,4579846.853249267,41.3669415521691,2.1427216285174966,,,
﻿92086038344,Institut Universitari d'Història Jaume Vicens Vives,,,1992-01-22T00:00:00+01:00,2023-02-01T16:52:21.459177+01:00,,,132908.0,C Ramon Trias Fargas,25.0,,67.0,la Vila Olímpica del Poblenou,10.0,Sant Martí,8005.0,BARCELONA,True,,171294.0,20001.0,Telèfons,Tel.,93 542 20 13,True,,56732071.0,Universitats,Planol BCN >> Educació >> Ensenyament reglat >> Universitats,651.0,65103003001003.0,432362.0263673597,4582284.352293278,41.38924681822701,2.190983335170805,,,
﻿99400736646,Bioinformatics Barcelona Association,,,2024-05-22T12:38:35.479214+02:00,2024-05-22T12:39:29.488844+02:00,,,297001.0,Carrer de Sant Antoni Maria Claret,167.0,171.0,35.0,el Guinardó,7.0,Horta-Guinardó,8041.0,Barcelona,True,,607535.0,20001.0,Telèfons,Tel.,637 856 902,False,,,,,,,431111.651,4584865.125,41.41238488719346,2.1757354167579925,,,
﻿99400736647,Cercle Tecnològic de Catalunya,,,2024-05-22T12:47:24.461594+02:00,2024-05-22T12:48:13.435591+02:00,,,144601.0,Avinguda Diagonal,452.0,454.0,31.0,la Vila de Gràcia,6.0,Gràcia,8006.0,Barcelona,True,,607539.0,20001.0,Telèfons,Tel.,692 327 349,False,,,,,,,429589.209,4583097.262,41.39633046512017,2.1577265755474384,,,
﻿75990166347,Maude studio,,,1996-09-18T00:00:00+02:00,2023-10-03T10:41:25.581343+02:00,,,76807.0,Sardenya,559.0,,30.0,la Salut,6.0,Gràcia,8024.0,BARCELONA,True,,145256.0,20001.0,Telèfons,Tel.,932137852,True,,56733070.0,Informàtica,Planol BCN >> Educació >> Ensenyament no reglat >> Informàtica,651.0,65103003002002.0,429909.0856573999,4584936.32692782,41.41292220039036,2.161339670271267,,,
﻿75990167087,Aula Ràdio. Centre d'Estudis de la Ràdio,,,1996-09-18T00:00:00+02:00,2023-10-03T10:17:51.914595+02:00,,,176801.0,Roger de Llúria,24.0,,7.0,la Dreta de l'Eixample,2.0,Eixample,8010.0,BARCELONA,True,,145630.0,20001.0,Telèfons,Tel.,933010203,True,,,,,,,430776.75873450417,4582486.256002442,41.390930434209736,2.1720007795133656,,,
﻿75990435810,Fotoespai Barcelona Centre d'Imatge,,,1997-06-07T00:00:00+02:00,2023-10-03T10:38:36.951005+02:00,,,91403.0,C Coroleu,74.0,,60.0,Sant Andreu,9.0,Sant Andreu,8030.0,BARCELONA,True,,153406.0,20001.0,Telèfons,Tel.,933119273,True,,,,,,,431915.98671489256,4587168.819579396,41.43320202783759,2.1850991661604584,,,
﻿75990171094,Centre Educatiu John Talabot,,,1996-09-18T00:00:00+02:00,2023-10-03T10:41:19.275736+02:00,,,113007.0,C Escoles Pies,134.0,,25.0,Sant Gervasi - la Bonanova,5.0,Sarrià-Sant Gervasi,8017.0,BARCELONA,True,,145805.0,20001.0,Telèfons,Tel.,932123499,True,,56731069.0,Ensenyament infantil (3-6 anys),Planol BCN >> Educació >> Ensenyament infantil >> Ensenyament infantil (3-6 anys),651.0,65103003000001.0,426884.58118022926,4584249.811981361,41.40646961208439,2.125237416308632,,,
﻿75990171094,Centre Educatiu John Talabot,,,1996-09-18T00:00:00+02:00,2023-10-03T10:41:19.275736+02:00,,,113007.0,C Escoles Pies,134.0,,25.0,Sant Gervasi - la Bonanova,5.0,Sarrià-Sant Gervasi,8017.0,BARCELONA,True,,145805.0,20001.0,Telèfons,Tel.,932123499,True,,56732068.0,Educació primària,Planol BCN >> Educació >> Ensenyament reglat >> Educació primària,651.0,65103003001000.0,426884.58118022926,4584249.811981361,41.40646961208439,2.125237416308632,,,
﻿75990171094,Centre Educatiu John Talabot,,,1996-09-18T00:00:00+02:00,2023-10-03T10:41:19.275736+02:00,,,113007.0,C Escoles Pies,134.0,,25.0,Sant Gervasi - la Bonanova,5.0,Sarrià-Sant Gervasi,8017.0,BARCELONA,True,,145805.0,20001.0,Telèfons,Tel.,932123499,True,,56732069.0,Educació secundària,Planol BCN >> Educació >> Ensenyament reglat >> Educació secundària,651.0,65103003001001.0,426884.58118022926,4584249.811981361,41.40646961208439,2.125237416308632,,,
﻿92168164465,Escola Josep Maria Jujol,,,1986-11-27T00:00:00+01:00,2022-09-17T04:52:41.067870+02:00,,,282401.0,C Riera de Sant Miquel,39.0,,31.0,la Vila de Gràcia,6.0,Gràcia,8006.0,BARCELONA,True,,171844.0,20001.0,Telèfons,Tel.,932180890,True,,56731069.0,Ensenyament infantil (3-6 anys),Planol BCN >> Educació >> Ensenyament infantil >> Ensenyament infantil (3-6 anys),651.0,65103003000001.0,429438.3465705756,4583307.985709356,41.39821515341866,2.1558975483762164,,,
﻿92168164465,Escola Josep Maria Jujol,,,1986-11-27T00:00:00+01:00,2022-09-17T04:52:41.067870+02:00,,,282401.0,C Riera de Sant Miquel,39.0,,31.0,la Vila de Gràcia,6.0,Gràcia,8006.0,BARCELONA,True,,171844.0,20001.0,Telèfons,Tel.,932180890,True,,56732068.0,Educació primària,Planol BCN >> Educació >> Ensenyament reglat >> Educació primària,651.0,65103003001000.0,429438.3465705756,4583307.985709356,41.39821515341866,2.1558975483762164,,,
﻿92168165757,Centre Educatiu Nostra Senyora de Lurdes,,,1989-11-24T00:00:00+01:00,2022-11-16T17:19:39.989072+01:00,,,28000.0,Via Augusta,73.0,,26.0,Sant Gervasi - Galvany,5.0,Sarrià-Sant Gervasi,8006.0,BARCELONA,True,,171621.0,20001.0,Telèfons,Tel.,932377475,True,,56731069.0,Ensenyament infantil (3-6 anys),Planol BCN >> Educació >> Ensenyament infantil >> Ensenyament infantil (3-6 anys),651.0,65103003000001.0,429011.99866287207,4583547.076288044,41.40033102573054,2.150769811574501,,,
﻿92168165757,Centre Educatiu Nostra Senyora de Lurdes,,,1989-11-24T00:00:00+01:00,2022-11-16T17:19:39.989072+01:00,,,28000.0,Via Augusta,73.0,,26.0,Sant Gervasi - Galvany,5.0,Sarrià-Sant Gervasi,8006.0,BARCELONA,True,,171621.0,20001.0,Telèfons,Tel.,932377475,True,,56732068.0,Educació primària,Planol BCN >> Educació >> Ensenyament reglat >> Educació primària,651.0,65103003001000.0,429011.99866287207,4583547.076288044,41.40033102573054,2.150769811574501,,,
﻿92168165762,Centre Educatiu Dominiques de Barcelona,,,1985-08-13T00:00:00+02:00,2022-11-16T17:17:49.670060+01:00,,,191204.0,C Mallorca,349.0,,7.0,la Dreta de l'Eixample,2.0,Eixample,8013.0,BARCELONA,True,,171623.0,20001.0,Telèfons,Tel.,932073165,True,,56731069.0,Ensenyament infantil (3-6 anys),Planol BCN >> Educació >> Ensenyament infantil >> Ensenyament infantil (3-6 anys),651.0,65103003000001.0,430722.98003778886,4583552.024594604,41.40052483409696,2.171235652839304,,,
﻿92168165762,Centre Educatiu Dominiques de Barcelona,,,1985-08-13T00:00:00+02:00,2022-11-16T17:17:49.670060+01:00,,,191204.0,C Mallorca,349.0,,7.0,la Dreta de l'Eixample,2.0,Eixample,8013.0,BARCELONA,True,,171623.0,20001.0,Telèfons,Tel.,932073165,True,,56732068.0,Educació primària,Planol BCN >> Educació >> Ensenyament reglat >> Educació primària,651.0,65103003001000.0,430722.98003778886,4583552.024594604,41.40052483409696,2.171235652839304,,,
﻿92168165762,Centre Educatiu Dominiques de Barcelona,,,1985-08-13T00:00:00+02:00,2022-11-16T17:17:49.670060+01:00,,,191204.0,C Mallorca,349.0,,7.0,la Dreta de l'Eixample,2.0,Eixample,8013.0,BARCELONA,True,,171623.0,20001.0,Telèfons,Tel.,932073165,True,,56732069.0,Educació secundària,Planol BCN >> Educació >> Ensenyament reglat >> Educació secundària,651.0,65103003001001.0,430722.98003778886,4583552.024594604,41.40052483409696,2.171235652839304,,,
﻿92168165823,Escola Orlandai,,,1985-04-25T00:00:00+02:00,2023-03-13T13:58:32.835575+01:00,,,104607.0,C Domínguez i Miralles,1.0,,23.0,Sarrià,5.0,Sarrià-Sant Gervasi,8034.0,BARCELONA,True,,171627.0,20001.0,Telèfons,Tel.,932030935,True,,56731069.0,Ensenyament infantil (3-6 anys),Planol BCN >> Educació >> Ensenyament infantil >> Ensenyament infantil (3-6 anys),651.0,65103003000001.0,426376.6333337172,4583247.105650462,41.39739233524259,2.119282896108102,,,
﻿92168165823,Escola Orlandai,,,1985-04-25T00:00:00+02:00,2023-03-13T13:58:32.835575+01:00,,,104607.0,C Domínguez i Miralles,1.0,,23.0,Sarrià,5.0,Sarrià-Sant Gervasi,8034.0,BARCELONA,True,,171627.0,20001.0,Telèfons,Tel.,932030935,True,,56732068.0,Educació primària,Planol BCN >> Educació >> Ensenyament reglat >> Educació primària,651.0,65103003001000.0,426376.6333337172,4583247.105650462,41.39739233524259,2.119282896108102,,,
﻿92168165837,Escola Palma de Mallorca,,,1989-03-02T00:00:00+01:00,2022-11-16T17:43:06.927866+01:00,,,242000.0,Pg Ciutat de Mallorca,31.0,,45.0,Porta,8.0,Nou Barris,8016.0,BARCELONA,True,,171631.0,20001.0,Telèfons,Tel.,933507282,True,,56731069.0,Ensenyament infantil (3-6 anys),Planol BCN >> Educació >> Ensenyament infantil >> Ensenyament infantil (3-6 anys),651.0,65103003000001.0,431286.7848213026,4587170.067440062,41.43315968004247,2.1775688179429284,,,
﻿92168165837,Escola Palma de Mallorca,,,1989-03-02T00:00:00+01:00,2022-11-16T17:43:06.927866+01:00,,,242000.0,Pg Ciutat de Mallorca,31.0,,45.0,Porta,8.0,Nou Barris,8016.0,BARCELONA,True,,171631.0,20001.0,Telèfons,Tel.,933507282,True,,56732068.0,Educació primària,Planol BCN >> Educació >> Ensenyament reglat >> Educació primària,651.0,65103003001000.0,431286.7848213026,4587170.067440062,41.43315968004247,2.1775688179429284,,,
﻿92168165849,Escola Patronat Domènech,,,1985-05-13T00:00:00+02:00,2023-02-02T13:00:43.404464+01:00,,,148205.0,C Gràcia,7.0,,31.0,la Vila de Gràcia,6.0,Gràcia,8012.0,BARCELONA,True,,171636.0,20001.0,Telèfons,Tel.,932370035,True,,56731069.0,Ensenyament infantil (3-6 anys),Planol BCN >> Educació >> Ensenyament infantil >> Ensenyament infantil (3-6 anys),651.0,65103003000001.0,429632.0366845281,4583327.116563104,41.39840443152677,2.1582121264591376,,,
